<metadata xml:lang="en"><Esri><CreaDate>20201215</CreaDate><CreaTime>15252300</CreaTime><ArcGISFormat>1.0</ArcGISFormat><SyncOnce>FALSE</SyncOnce><DataProperties><lineage><Process ToolSource="c:\program files\arcgis\pro\Resources\ArcToolbox\toolboxes\Conversion Tools.tbx\FeatureClassToFeatureClass" Date="20201215" Time="152523">FeatureClassToFeatureClass NGISCA_Tracts Z:\Desktop\Rivas_Project\MyData\NeedScore\SHapefile Needscore.shp # "GISJOIN "GISJOIN" true true false 14 Text 0 0,First,#,NGISCA_Tracts,NGISCA_Tracts.GISJOIN,0,14;STATEFP "STATEFP" true true false 2 Text 0 0,First,#,NGISCA_Tracts,NGISCA_Tracts.STATEFP,0,2;COUNTYFP "COUNTYFP" true true false 3 Text 0 0,First,#,NGISCA_Tracts,NGISCA_Tracts.COUNTYFP,0,3;TRACTCE "TRACTCE" true true false 6 Text 0 0,First,#,NGISCA_Tracts,NGISCA_Tracts.TRACTCE,0,6;GEOID "GEOID" true true false 11 Text 0 0,First,#,NGISCA_Tracts,NGISCA_Tracts.GEOID,0,11;NAME "NAME" true true false 7 Text 0 0,First,#,NGISCA_Tracts,NGISCA_Tracts.NAME,0,7;NAMELSAD "NAMELSAD" true true false 20 Text 0 0,First,#,NGISCA_Tracts,NGISCA_Tracts.NAMELSAD,0,20;MTFCC "MTFCC" true true false 5 Text 0 0,First,#,NGISCA_Tracts,NGISCA_Tracts.MTFCC,0,5;FUNCSTAT "FUNCSTAT" true true false 1 Text 0 0,First,#,NGISCA_Tracts,NGISCA_Tracts.FUNCSTAT,0,1;ALAND "ALAND" true true false 19 Double 0 0,First,#,NGISCA_Tracts,NGISCA_Tracts.ALAND,-1,-1;AWATER "AWATER" true true false 19 Double 0 0,First,#,NGISCA_Tracts,NGISCA_Tracts.AWATER,-1,-1;INTPTLAT "INTPTLAT" true true false 11 Text 0 0,First,#,NGISCA_Tracts,NGISCA_Tracts.INTPTLAT,0,11;INTPTLON "INTPTLON" true true false 12 Text 0 0,First,#,NGISCA_Tracts,NGISCA_Tracts.INTPTLON,0,12;Shape_Leng "Shape_Leng" true true false 19 Double 0 0,First,#,NGISCA_Tracts,NGISCA_Tracts.Shape_Leng,-1,-1;Shape_Area "Shape_Area" true true false 19 Double 0 0,First,#,NGISCA_Tracts,NGISCA_Tracts.Shape_Area,-1,-1;gisjoin_1 "gisjoin" true true false 8000 Text 0 0,First,#,NGISCA_Tracts,NeedScore.csv.gisjoin,0,8000;pct_schage "pct_schage" true true false 8 Double 0 0,First,#,NGISCA_Tracts,NeedScore.csv.pct_schage,-1,-1;pct_blk "pct_blk" true true false 8 Double 0 0,First,#,NGISCA_Tracts,NeedScore.csv.pct_blk,-1,-1;pct_hisp "pct_hisp" true true false 8 Double 0 0,First,#,NGISCA_Tracts,NeedScore.csv.pct_hisp,-1,-1;pct_pov "pct_pov" true true false 8 Double 0 0,First,#,NGISCA_Tracts,NeedScore.csv.pct_pov,-1,-1;pc1 "pc1" true true false 8 Double 0 0,First,#,NGISCA_Tracts,NeedScore.csv.pc1,-1,-1" #</Process><Process ToolSource="c:\program files\arcgis\pro\Resources\ArcToolbox\toolboxes\Conversion Tools.tbx\FeatureClassToFeatureClass" Date="20201215" Time="153026">FeatureClassToFeatureClass Needscore C:\Users\ahourazandiatashbar\Desktop\Rivas_Project\RivasProject\RivasProject.gdb Rivas_NeedScore # "GISJOIN "GISJOIN" true true false 14 Text 0 0,First,#,Needscore,GISJOIN,0,14;STATEFP "STATEFP" true true false 2 Text 0 0,First,#,Needscore,STATEFP,0,2;COUNTYFP "COUNTYFP" true true false 3 Text 0 0,First,#,Needscore,COUNTYFP,0,3;TRACTCE "TRACTCE" true true false 6 Text 0 0,First,#,Needscore,TRACTCE,0,6;GEOID "GEOID" true true false 11 Text 0 0,First,#,Needscore,GEOID,0,11;NAME "NAME" true true false 7 Text 0 0,First,#,Needscore,NAME,0,7;NAMELSAD "NAMELSAD" true true false 20 Text 0 0,First,#,Needscore,NAMELSAD,0,20;MTFCC "MTFCC" true true false 5 Text 0 0,First,#,Needscore,MTFCC,0,5;FUNCSTAT "FUNCSTAT" true true false 1 Text 0 0,First,#,Needscore,FUNCSTAT,0,1;ALAND "ALAND" true true false 19 Double 0 0,First,#,Needscore,ALAND,-1,-1;AWATER "AWATER" true true false 19 Double 0 0,First,#,Needscore,AWATER,-1,-1;INTPTLAT "INTPTLAT" true true false 11 Text 0 0,First,#,Needscore,INTPTLAT,0,11;INTPTLON "INTPTLON" true true false 12 Text 0 0,First,#,Needscore,INTPTLON,0,12;Shape_Leng "Shape_Leng" true true false 19 Double 0 0,First,#,Needscore,Shape_Leng,-1,-1;Shape_Area "Shape_Area" true true false 19 Double 0 0,First,#,Needscore,Shape_Area,-1,-1;gisjoin_1 "gisjoin_1" true true false 254 Text 0 0,First,#,Needscore,gisjoin_1,0,254;pct_schage "pct_schage" true true false 19 Double 0 0,First,#,Needscore,pct_schage,-1,-1;pct_blk "pct_blk" true true false 19 Double 0 0,First,#,Needscore,pct_blk,-1,-1;pct_hisp "pct_hisp" true true false 19 Double 0 0,First,#,Needscore,pct_hisp,-1,-1;pct_pov "pct_pov" true true false 19 Double 0 0,First,#,Needscore,pct_pov,-1,-1;pc1 "pc1" true true false 19 Double 0 0,First,#,Needscore,pc1,-1,-1" #</Process><Process ToolSource="c:\program files\arcgis\pro\Resources\ArcToolbox\toolboxes\Data Management Tools.tbx\UpdateSchema" Date="20201215" Time="153954">UpdateSchema "CIMDATA=&lt;CIMStandardDataConnection xsi:type='typens:CIMStandardDataConnection' xmlns:xsi='http://www.w3.org/2001/XMLSchema-instance' xmlns:xs='http://www.w3.org/2001/XMLSchema' xmlns:typens='http://www.esri.com/schemas/ArcGIS/2.6.0'&gt;&lt;WorkspaceConnectionString&gt;DATABASE=C:\Users\ahourazandiatashbar\Desktop\Rivas_Project\RivasProject\RivasProject.gdb&lt;/WorkspaceConnectionString&gt;&lt;WorkspaceFactory&gt;FileGDB&lt;/WorkspaceFactory&gt;&lt;Dataset&gt;Rivas_NeedScore&lt;/Dataset&gt;&lt;DatasetType&gt;esriDTFeatureClass&lt;/DatasetType&gt;&lt;/CIMStandardDataConnection&gt;" &lt;operationSequence&gt;&lt;workflow&gt;&lt;AddField&gt;&lt;field_name&gt;NeedScore&lt;/field_name&gt;&lt;field_type&gt;DOUBLE&lt;/field_type&gt;&lt;field_alias&gt;NeedScore&lt;/field_alias&gt;&lt;field_is_nullable&gt;True&lt;/field_is_nullable&gt;&lt;field_is_required&gt;False&lt;/field_is_required&gt;&lt;/AddField&gt;&lt;/workflow&gt;&lt;/operationSequence&gt;</Process><Process ToolSource="c:\program files\arcgis\pro\Resources\ArcToolbox\toolboxes\Data Management Tools.tbx\CalculateField" Date="20201215" Time="154323">CalculateField Rivas_NeedScore NeedScore 100*((!pc1!--2.3164597)/(2.0429382--2.3164597)) "Python 3" # Text</Process><Process ToolSource="c:\program files\arcgis\pro\Resources\ArcToolbox\toolboxes\Analysis Tools.tbx\SpatialJoin" Date="20210113" Time="211554">SpatialJoin "Need Score" "Broadband Service Level" "Z:\Desktop\Rivas_Project\MyData\Bivariate Chropleth\Master.shp" "Join one to one" KEEP_ALL "GISJOIN "GISJOIN" true true false 14 Text 0 0,First,#,Need Score,GISJOIN,0,14;STATEFP "STATEFP" true true false 2 Text 0 0,First,#,Need Score,STATEFP,0,2;COUNTYFP "COUNTYFP" true true false 3 Text 0 0,First,#,Need Score,COUNTYFP,0,3;TRACTCE "TRACTCE" true true false 6 Text 0 0,First,#,Need Score,TRACTCE,0,6;GEOID "GEOID" true true false 11 Text 0 0,First,#,Need Score,GEOID,0,11;NAME "NAME" true true false 7 Text 0 0,First,#,Need Score,NAME,0,7;NAMELSAD "NAMELSAD" true true false 20 Text 0 0,First,#,Need Score,NAMELSAD,0,20;MTFCC "MTFCC" true true false 5 Text 0 0,First,#,Need Score,MTFCC,0,5;FUNCSTAT "FUNCSTAT" true true false 1 Text 0 0,First,#,Need Score,FUNCSTAT,0,1;ALAND "ALAND" true true false 8 Double 0 0,First,#,Need Score,ALAND,-1,-1;AWATER "AWATER" true true false 8 Double 0 0,First,#,Need Score,AWATER,-1,-1;INTPTLAT "INTPTLAT" true true false 11 Text 0 0,First,#,Need Score,INTPTLAT,0,11;INTPTLON "INTPTLON" true true false 12 Text 0 0,First,#,Need Score,INTPTLON,0,12;Shape_Leng "Shape_Leng" true true false 8 Double 0 0,First,#,Need Score,Shape_Leng,-1,-1;gisjoin_1 "gisjoin_1" true true false 254 Text 0 0,First,#,Need Score,gisjoin_1,0,254;pct_schage "pct_schage" true true false 8 Double 0 0,First,#,Need Score,pct_schage,-1,-1;pct_blk "pct_blk" true true false 8 Double 0 0,First,#,Need Score,pct_blk,-1,-1;pct_hisp "pct_hisp" true true false 8 Double 0 0,First,#,Need Score,pct_hisp,-1,-1;pct_pov "pct_pov" true true false 8 Double 0 0,First,#,Need Score,pct_pov,-1,-1;pc1 "pc1" true true false 8 Double 0 0,First,#,Need Score,pc1,-1,-1;Shape_Length "Shape_Length" false true true 8 Double 0 0,First,#,Need Score,Shape_Length,-1,-1;Shape_Area "Shape_Area" false true true 8 Double 0 0,First,#,Need Score,Shape_Area,-1,-1;NeedScore "NeedScore" true true false 8 Double 0 0,First,#,Need Score,NeedScore,-1,-1;BSL "BSL" true true false 8000 Text 0 0,First,#,Broadband Service Level,BSL,0,8000" Intersect # #</Process><Process ToolSource="c:\program files\arcgis\pro\Resources\ArcToolbox\toolboxes\Data Management Tools.tbx\UpdateSchema" Date="20210113" Time="212624">UpdateSchema "CIMDATA=&lt;CIMStandardDataConnection xsi:type='typens:CIMStandardDataConnection' xmlns:xsi='http://www.w3.org/2001/XMLSchema-instance' xmlns:xs='http://www.w3.org/2001/XMLSchema' xmlns:typens='http://www.esri.com/schemas/ArcGIS/2.6.0'&gt;&lt;WorkspaceConnectionString&gt;DATABASE=Z:\Desktop\Rivas_Project\MyData\Bivariate Chropleth&lt;/WorkspaceConnectionString&gt;&lt;WorkspaceFactory&gt;Shapefile&lt;/WorkspaceFactory&gt;&lt;Dataset&gt;Master.shp&lt;/Dataset&gt;&lt;DatasetType&gt;esriDTFeatureClass&lt;/DatasetType&gt;&lt;/CIMStandardDataConnection&gt;" &lt;operationSequence&gt;&lt;workflow&gt;&lt;AddField&gt;&lt;field_name&gt;BSLScore&lt;/field_name&gt;&lt;field_type&gt;DOUBLE&lt;/field_type&gt;&lt;field_is_nullable&gt;False&lt;/field_is_nullable&gt;&lt;field_is_required&gt;False&lt;/field_is_required&gt;&lt;/AddField&gt;&lt;/workflow&gt;&lt;/operationSequence&gt;</Process><Process ToolSource="c:\program files\arcgis\pro\Resources\ArcToolbox\toolboxes\Data Management Tools.tbx\CalculateField" Date="20210113" Time="212814">CalculateField Master BSLScore 4 "Python 3" # Text</Process><Process ToolSource="c:\program files\arcgis\pro\Resources\ArcToolbox\toolboxes\Data Management Tools.tbx\CalculateField" Date="20210113" Time="212844">CalculateField Master BSLScore 3 "Python 3" # Text</Process><Process ToolSource="c:\program files\arcgis\pro\Resources\ArcToolbox\toolboxes\Data Management Tools.tbx\CalculateField" Date="20210113" Time="212920">CalculateField Master BSLScore 2 "Python 3" # Text</Process><Process ToolSource="c:\program files\arcgis\pro\Resources\ArcToolbox\toolboxes\Data Management Tools.tbx\CalculateField" Date="20210113" Time="212948">CalculateField Master BSLScore 1 "Python 3" # Text</Process><Process ToolSource="c:\program files\arcgis\pro\Resources\ArcToolbox\toolboxes\Conversion Tools.tbx\FeatureClassToFeatureClass" Date="20210129" Time="154657">FeatureClassToFeatureClass "Attention Score 1 - Component 2" "Z:\Desktop\Rivas_Project\MyData\Data for Kalyani\New_Map\African_American" Pct_AfricAmerican.shp # "pct_blk "% of African American Population" true true false 19 Double 0 0,First,#,Attention Score 1 - Component 2,pct_blk,-1,-1" #</Process></lineage><itemProps><itemName Sync="TRUE">Pct_AfricAmerican</itemName><imsContentType Sync="TRUE">002</imsContentType><itemLocation><linkage Sync="TRUE">file://\\Mac\Home\Desktop\Rivas_Project\MyData\Data for Kalyani\New_Map\African_American\Pct_AfricAmerican.shp</linkage><protocol Sync="TRUE">Local Area Network</protocol></itemLocation><itemSize Sync="TRUE">0.000</itemSize></itemProps><coordRef><type Sync="TRUE">Projected</type><geogcsn Sync="TRUE">GCS_North_American_1983</geogcsn><csUnits Sync="TRUE">Linear Unit: Meter (1.000000)</csUnits><projcsn Sync="TRUE">USA_Contiguous_Albers_Equal_Area_Conic</projcsn><peXml Sync="TRUE">&lt;ProjectedCoordinateSystem xsi:type='typens:ProjectedCoordinateSystem' xmlns:xsi='http://www.w3.org/2001/XMLSchema-instance' xmlns:xs='http://www.w3.org/2001/XMLSchema' xmlns:typens='http://www.esri.com/schemas/ArcGIS/2.6.0'&gt;&lt;WKT&gt;PROJCS[&amp;quot;USA_Contiguous_Albers_Equal_Area_Conic&amp;quot;,GEOGCS[&amp;quot;GCS_North_American_1983&amp;quot;,DATUM[&amp;quot;D_North_American_1983&amp;quot;,SPHEROID[&amp;quot;GRS_1980&amp;quot;,6378137.0,298.257222101]],PRIMEM[&amp;quot;Greenwich&amp;quot;,0.0],UNIT[&amp;quot;Degree&amp;quot;,0.0174532925199433]],PROJECTION[&amp;quot;Albers&amp;quot;],PARAMETER[&amp;quot;False_Easting&amp;quot;,0.0],PARAMETER[&amp;quot;False_Northing&amp;quot;,0.0],PARAMETER[&amp;quot;Central_Meridian&amp;quot;,-96.0],PARAMETER[&amp;quot;Standard_Parallel_1&amp;quot;,29.5],PARAMETER[&amp;quot;Standard_Parallel_2&amp;quot;,45.5],PARAMETER[&amp;quot;Latitude_Of_Origin&amp;quot;,37.5],UNIT[&amp;quot;Meter&amp;quot;,1.0],AUTHORITY[&amp;quot;Esri&amp;quot;,102003]]&lt;/WKT&gt;&lt;XOrigin&gt;-16901100&lt;/XOrigin&gt;&lt;YOrigin&gt;-8579000&lt;/YOrigin&gt;&lt;XYScale&gt;266467840.99085236&lt;/XYScale&gt;&lt;ZOrigin&gt;-100000&lt;/ZOrigin&gt;&lt;ZScale&gt;10000&lt;/ZScale&gt;&lt;MOrigin&gt;-100000&lt;/MOrigin&gt;&lt;MScale&gt;10000&lt;/MScale&gt;&lt;XYTolerance&gt;0.001&lt;/XYTolerance&gt;&lt;ZTolerance&gt;0.001&lt;/ZTolerance&gt;&lt;MTolerance&gt;0.001&lt;/MTolerance&gt;&lt;HighPrecision&gt;true&lt;/HighPrecision&gt;&lt;WKID&gt;102003&lt;/WKID&gt;&lt;LatestWKID&gt;102003&lt;/LatestWKID&gt;&lt;/ProjectedCoordinateSystem&gt;</peXml></coordRef></DataProperties><SyncDate>20210129</SyncDate><SyncTime>15465700</SyncTime><ModDate>20210129</ModDate><ModTime>15465700</ModTime></Esri><dataIdInfo><envirDesc Sync="TRUE">Microsoft Windows 10 Version 10.0 (Build 18363) ; Esri ArcGIS 12.6.0.24783</envirDesc><dataLang><languageCode value="eng" Sync="TRUE"></languageCode><countryCode value="USA" Sync="TRUE"></countryCode></dataLang><idCitation><resTitle Sync="TRUE">Pct_AfricAmerican</resTitle><presForm><PresFormCd value="005" Sync="TRUE"></PresFormCd></presForm></idCitation><spatRpType><SpatRepTypCd value="001" Sync="TRUE"></SpatRepTypCd></spatRpType></dataIdInfo><mdLang><languageCode value="eng" Sync="TRUE"></languageCode><countryCode value="USA" Sync="TRUE"></countryCode></mdLang><distInfo><distFormat><formatName Sync="TRUE">Shapefile</formatName></distFormat><distTranOps><transSize Sync="TRUE">0.000</transSize></distTranOps></distInfo><mdHrLv><ScopeCd value="005" Sync="TRUE"></ScopeCd></mdHrLv><mdHrLvName Sync="TRUE">dataset</mdHrLvName><refSysInfo><RefSystem><refSysID><identCode code="102003" Sync="TRUE"></identCode><idCodeSpace Sync="TRUE">Esri</idCodeSpace><idVersion Sync="TRUE">4.0.0</idVersion></refSysID></RefSystem></refSysInfo><spatRepInfo><VectSpatRep><geometObjs Name="Pct_AfricAmerican"><geoObjTyp><GeoObjTypCd value="002" Sync="TRUE"></GeoObjTypCd></geoObjTyp><geoObjCnt Sync="TRUE">0</geoObjCnt></geometObjs><topLvl><TopoLevCd value="001" Sync="TRUE"></TopoLevCd></topLvl></VectSpatRep></spatRepInfo><spdoinfo><ptvctinf><esriterm Name="Pct_AfricAmerican"><efeatyp Sync="TRUE">Simple</efeatyp><efeageom code="4" Sync="TRUE"></efeageom><esritopo Sync="TRUE">FALSE</esritopo><efeacnt Sync="TRUE">0</efeacnt><spindex Sync="TRUE">FALSE</spindex><linrefer Sync="TRUE">FALSE</linrefer></esriterm></ptvctinf></spdoinfo><eainfo><detailed Name="Pct_AfricAmerican"><enttyp><enttypl Sync="TRUE">Pct_AfricAmerican</enttypl><enttypt Sync="TRUE">Feature Class</enttypt><enttypc Sync="TRUE">0</enttypc></enttyp><attr><attrlabl Sync="TRUE">FID</attrlabl><attalias Sync="TRUE">FID</attalias><attrtype Sync="TRUE">OID</attrtype><attwidth Sync="TRUE">4</attwidth><atprecis Sync="TRUE">0</atprecis><attscale Sync="TRUE">0</attscale><attrdef Sync="TRUE">Internal feature number.</attrdef><attrdefs Sync="TRUE">Esri</attrdefs><attrdomv><udom Sync="TRUE">Sequential unique whole numbers that are automatically generated.</udom></attrdomv></attr><attr><attrlabl Sync="TRUE">Shape</attrlabl><attalias Sync="TRUE">Shape</attalias><attrtype Sync="TRUE">Geometry</attrtype><attwidth Sync="TRUE">0</attwidth><atprecis Sync="TRUE">0</atprecis><attscale Sync="TRUE">0</attscale><attrdef Sync="TRUE">Feature geometry.</attrdef><attrdefs Sync="TRUE">Esri</attrdefs><attrdomv><udom Sync="TRUE">Coordinates defining the features.</udom></attrdomv></attr><attr><attrlabl Sync="TRUE">pct_blk</attrlabl><attalias Sync="TRUE">pct_blk</attalias><attrtype Sync="TRUE">Double</attrtype><attwidth Sync="TRUE">19</attwidth><atprecis Sync="TRUE">0</atprecis><attscale Sync="TRUE">0</attscale></attr></detailed></eainfo><mdDateSt Sync="TRUE">20210129</mdDateSt></metadata>
