<?xml version="1.0" encoding="UTF-8"?>
<metadata xml:lang="en"><Esri><CreaDate>20210114</CreaDate><CreaTime>12035300</CreaTime><ArcGISFormat>1.0</ArcGISFormat><SyncOnce>FALSE</SyncOnce><DataProperties><lineage><Process ToolSource="c:\program files\arcgis\pro\Resources\ArcToolbox\toolboxes\Conversion Tools.tbx\FeatureClassToFeatureClass" Date="20210114" Time="120353">FeatureClassToFeatureClass "Digital Divide" "Z:\Desktop\Rivas_Project\MyData\Bivariate Chropleth" Master_2.shp # "Join_Count "Join_Count" true true false 10 Long 0 10,First,#,Digital Divide,Master.Join_Count,-1,-1;TARGET_FID "TARGET_FID" true true false 10 Long 0 10,First,#,Digital Divide,Master.TARGET_FID,-1,-1;GISJOIN "GISJOIN" true true false 14 Text 0 0,First,#,Digital Divide,Master.GISJOIN,0,14;STATEFP "STATEFP" true true false 2 Text 0 0,First,#,Digital Divide,Master.STATEFP,0,2;COUNTYFP "COUNTYFP" true true false 3 Text 0 0,First,#,Digital Divide,Master.COUNTYFP,0,3;TRACTCE "TRACTCE" true true false 6 Text 0 0,First,#,Digital Divide,Master.TRACTCE,0,6;GEOID "GEOID" true true false 11 Text 0 0,First,#,Digital Divide,Master.GEOID,0,11;NAME "NAME" true true false 7 Text 0 0,First,#,Digital Divide,Master.NAME,0,7;NAMELSAD "NAMELSAD" true true false 20 Text 0 0,First,#,Digital Divide,Master.NAMELSAD,0,20;MTFCC "MTFCC" true true false 5 Text 0 0,First,#,Digital Divide,Master.MTFCC,0,5;FUNCSTAT "FUNCSTAT" true true false 1 Text 0 0,First,#,Digital Divide,Master.FUNCSTAT,0,1;ALAND "ALAND" true true false 19 Double 0 0,First,#,Digital Divide,Master.ALAND,-1,-1;AWATER "AWATER" true true false 19 Double 0 0,First,#,Digital Divide,Master.AWATER,-1,-1;INTPTLAT "INTPTLAT" true true false 11 Text 0 0,First,#,Digital Divide,Master.INTPTLAT,0,11;INTPTLON "INTPTLON" true true false 12 Text 0 0,First,#,Digital Divide,Master.INTPTLON,0,12;Shape_Leng "Shape_Leng" true true false 19 Double 0 0,First,#,Digital Divide,Master.Shape_Leng,-1,-1;gisjoin_1 "gisjoin_1" true true false 254 Text 0 0,First,#,Digital Divide,Master.gisjoin_1,0,254;pct_schage "pct_schage" true true false 19 Double 0 0,First,#,Digital Divide,Master.pct_schage,-1,-1;pct_blk "pct_blk" true true false 19 Double 0 0,First,#,Digital Divide,Master.pct_blk,-1,-1;pct_hisp "pct_hisp" true true false 19 Double 0 0,First,#,Digital Divide,Master.pct_hisp,-1,-1;pct_pov "pct_pov" true true false 19 Double 0 0,First,#,Digital Divide,Master.pct_pov,-1,-1;pc1 "pc1" true true false 19 Double 0 0,First,#,Digital Divide,Master.pc1,-1,-1;Shape_Le_1 "Shape_Le_1" true true false 19 Double 0 0,First,#,Digital Divide,Master.Shape_Le_1,-1,-1;Shape_Area "Shape_Area" true true false 19 Double 0 0,First,#,Digital Divide,Master.Shape_Area,-1,-1;NeedScore "Attention Score 1 - Minorities &amp; Students" true true false 19 Double 0 0,First,#,Digital Divide,Master.NeedScore,-1,-1;BSL "BSL" true true false 254 Text 0 0,First,#,Digital Divide,Master.BSL,0,254;BSLScore "Attention Score 2 - Limited Broadband Service" true true false 19 Double 0 0,First,#,Digital Divide,Master.BSLScore,-1,-1;gisjoin_12 "gisjoin" true true false 8000 Text 0 0,First,#,Digital Divide,AttScore_2.csv.gisjoin,0,8000;att_score_ "att_score_1" true true false 8 Double 0 0,First,#,Digital Divide,AttScore_2.csv.att_score_1,-1,-1;pct_hisp_2 "pct_hisp_2" true true false 8 Double 0 0,First,#,Digital Divide,AttScore_2.csv.pct_hisp_2,-1,-1" #</Process><Process ToolSource="c:\program files\arcgis\pro\Resources\ArcToolbox\toolboxes\Conversion Tools.tbx\FeatureClassToFeatureClass" Date="20210129" Time="155507">FeatureClassToFeatureClass "Attention Score 1 - Component 3" "Z:\Desktop\Rivas_Project\MyData\Data for Kalyani\New_Map\Hispanics" Pct_Hispanics.shp # "gisjoin_12 "gisjoin_12" true true false 254 Text 0 0,First,#,Attention Score 1 - Component 3,gisjoin_12,0,254;pct_hisp_2 "% of Hispanic Residents" true true false 19 Double 0 0,First,#,Attention Score 1 - Component 3,pct_hisp_2,-1,-1" #</Process></lineage><itemProps><itemName Sync="TRUE">Pct_Hispanics</itemName><imsContentType Sync="TRUE">002</imsContentType><itemSize Sync="TRUE">0.000</itemSize><itemLocation><linkage Sync="TRUE">file://\\Mac\Home\Desktop\Rivas_Project\MyData\Data for Kalyani\New_Map\Hispanics\Pct_Hispanics.shp</linkage><protocol Sync="TRUE">Local Area Network</protocol></itemLocation></itemProps><coordRef><type Sync="TRUE">Projected</type><geogcsn Sync="TRUE">GCS_North_American_1983</geogcsn><csUnits Sync="TRUE">Linear Unit: Meter (1.000000)</csUnits><projcsn Sync="TRUE">USA_Contiguous_Albers_Equal_Area_Conic</projcsn><peXml Sync="TRUE">&lt;ProjectedCoordinateSystem xsi:type='typens:ProjectedCoordinateSystem' xmlns:xsi='http://www.w3.org/2001/XMLSchema-instance' xmlns:xs='http://www.w3.org/2001/XMLSchema' xmlns:typens='http://www.esri.com/schemas/ArcGIS/2.6.0'&gt;&lt;WKT&gt;PROJCS[&amp;quot;USA_Contiguous_Albers_Equal_Area_Conic&amp;quot;,GEOGCS[&amp;quot;GCS_North_American_1983&amp;quot;,DATUM[&amp;quot;D_North_American_1983&amp;quot;,SPHEROID[&amp;quot;GRS_1980&amp;quot;,6378137.0,298.257222101]],PRIMEM[&amp;quot;Greenwich&amp;quot;,0.0],UNIT[&amp;quot;Degree&amp;quot;,0.0174532925199433]],PROJECTION[&amp;quot;Albers&amp;quot;],PARAMETER[&amp;quot;False_Easting&amp;quot;,0.0],PARAMETER[&amp;quot;False_Northing&amp;quot;,0.0],PARAMETER[&amp;quot;Central_Meridian&amp;quot;,-96.0],PARAMETER[&amp;quot;Standard_Parallel_1&amp;quot;,29.5],PARAMETER[&amp;quot;Standard_Parallel_2&amp;quot;,45.5],PARAMETER[&amp;quot;Latitude_Of_Origin&amp;quot;,37.5],UNIT[&amp;quot;Meter&amp;quot;,1.0],AUTHORITY[&amp;quot;Esri&amp;quot;,102003]]&lt;/WKT&gt;&lt;XOrigin&gt;-16901100&lt;/XOrigin&gt;&lt;YOrigin&gt;-8579000&lt;/YOrigin&gt;&lt;XYScale&gt;266467840.99085236&lt;/XYScale&gt;&lt;ZOrigin&gt;-100000&lt;/ZOrigin&gt;&lt;ZScale&gt;10000&lt;/ZScale&gt;&lt;MOrigin&gt;-100000&lt;/MOrigin&gt;&lt;MScale&gt;10000&lt;/MScale&gt;&lt;XYTolerance&gt;0.001&lt;/XYTolerance&gt;&lt;ZTolerance&gt;0.001&lt;/ZTolerance&gt;&lt;MTolerance&gt;0.001&lt;/MTolerance&gt;&lt;HighPrecision&gt;true&lt;/HighPrecision&gt;&lt;WKID&gt;102003&lt;/WKID&gt;&lt;LatestWKID&gt;102003&lt;/LatestWKID&gt;&lt;/ProjectedCoordinateSystem&gt;</peXml></coordRef></DataProperties><SyncDate>20210129</SyncDate><SyncTime>15550600</SyncTime><ModDate>20210129</ModDate><ModTime>15550600</ModTime></Esri><dataIdInfo><envirDesc Sync="TRUE">Microsoft Windows 10 Version 10.0 (Build 18363) ; Esri ArcGIS 12.6.0.24783</envirDesc><dataLang><languageCode value="eng" Sync="TRUE"></languageCode><countryCode value="USA" Sync="TRUE"></countryCode></dataLang><idCitation><resTitle Sync="TRUE">Pct_Hispanics</resTitle><presForm><PresFormCd value="005" Sync="TRUE"></PresFormCd></presForm></idCitation><spatRpType><SpatRepTypCd value="001" Sync="TRUE"></SpatRepTypCd></spatRpType></dataIdInfo><mdLang><languageCode value="eng" Sync="TRUE"></languageCode><countryCode value="USA" Sync="TRUE"></countryCode></mdLang><mdChar><CharSetCd value="004" Sync="TRUE"></CharSetCd></mdChar><distInfo><distFormat><formatName Sync="TRUE">Shapefile</formatName></distFormat><distTranOps><transSize Sync="TRUE">0.000</transSize></distTranOps></distInfo><mdHrLv><ScopeCd value="005" Sync="TRUE"></ScopeCd></mdHrLv><mdHrLvName Sync="TRUE">dataset</mdHrLvName><refSysInfo><RefSystem><refSysID><identCode code="102003" Sync="TRUE"></identCode><idCodeSpace Sync="TRUE">Esri</idCodeSpace><idVersion Sync="TRUE">4.0.0</idVersion></refSysID></RefSystem></refSysInfo><spatRepInfo><VectSpatRep><geometObjs Name="Pct_Hispanics"><geoObjTyp><GeoObjTypCd value="002" Sync="TRUE"></GeoObjTypCd></geoObjTyp><geoObjCnt Sync="TRUE">0</geoObjCnt></geometObjs><topLvl><TopoLevCd value="001" Sync="TRUE"></TopoLevCd></topLvl></VectSpatRep></spatRepInfo><spdoinfo><ptvctinf><esriterm Name="Pct_Hispanics"><efeatyp Sync="TRUE">Simple</efeatyp><efeageom code="4" Sync="TRUE"></efeageom><esritopo Sync="TRUE">FALSE</esritopo><efeacnt Sync="TRUE">0</efeacnt><spindex Sync="TRUE">FALSE</spindex><linrefer Sync="TRUE">FALSE</linrefer></esriterm></ptvctinf></spdoinfo><eainfo><detailed Name="Pct_Hispanics"><enttyp><enttypl Sync="TRUE">Pct_Hispanics</enttypl><enttypt Sync="TRUE">Feature Class</enttypt><enttypc Sync="TRUE">0</enttypc></enttyp><attr><attrlabl Sync="TRUE">FID</attrlabl><attalias Sync="TRUE">FID</attalias><attrtype Sync="TRUE">OID</attrtype><attwidth Sync="TRUE">4</attwidth><atprecis Sync="TRUE">0</atprecis><attscale Sync="TRUE">0</attscale><attrdef Sync="TRUE">Internal feature number.</attrdef><attrdefs Sync="TRUE">Esri</attrdefs><attrdomv><udom Sync="TRUE">Sequential unique whole numbers that are automatically generated.</udom></attrdomv></attr><attr><attrlabl Sync="TRUE">Shape</attrlabl><attalias Sync="TRUE">Shape</attalias><attrtype Sync="TRUE">Geometry</attrtype><attwidth Sync="TRUE">0</attwidth><atprecis Sync="TRUE">0</atprecis><attscale Sync="TRUE">0</attscale><attrdef Sync="TRUE">Feature geometry.</attrdef><attrdefs Sync="TRUE">Esri</attrdefs><attrdomv><udom Sync="TRUE">Coordinates defining the features.</udom></attrdomv></attr><attr><attrlabl Sync="TRUE">gisjoin_12</attrlabl><attalias Sync="TRUE">gisjoin_12</attalias><attrtype Sync="TRUE">String</attrtype><attwidth Sync="TRUE">254</attwidth><atprecis Sync="TRUE">0</atprecis><attscale Sync="TRUE">0</attscale></attr><attr><attrlabl Sync="TRUE">pct_hisp_2</attrlabl><attalias Sync="TRUE">pct_hisp_2</attalias><attrtype Sync="TRUE">Double</attrtype><attwidth Sync="TRUE">19</attwidth><atprecis Sync="TRUE">0</atprecis><attscale Sync="TRUE">0</attscale></attr></detailed></eainfo><mdDateSt Sync="TRUE">20210129</mdDateSt></metadata>
